ID,Sequence,MRL,MFE
_mrl_7.2_mfe_-13.6_idx_0,TCCTTAGATACCACGCGCTACATCTGTAAGGGGTGTGGGTTGGCAGTGCC,7.462395668029785,-13.1
_mrl_7.2_mfe_-13.6_idx_1,GGTAGCGCGCCAGTGCCAAGGGACTAATGGGGCAAACGCGCTTCAGCACA,7.056800842285156,-15.6
_mrl_7.2_mfe_-13.6_idx_2,CCGGGCGCACAGCTGCGTGTTGCCTCCCCGGAGCGAGTCTTAAAAGCAGC,6.964108467102051,-13.4
_mrl_7.2_mfe_-13.6_idx_3,AAAGTCGCCCAAGAGCCTTGGGTCTCGTAGGGCTCCGACAAGGATCGAAA,7.184637069702148,-15.4
_mrl_7.2_mfe_-13.6_idx_4,CCGGTCGCGAAAGCGCGGAACTCCTATACGGCTGAACTCTCACGAGCTTT,7.361568450927734,-9.6
_mrl_7.2_mfe_-13.6_idx_5,GGTTGCGTGCTAGGGCCATCAACCTCACGGGCTTATCGTACTCATCCGCC,6.918406963348389,-13.2
_mrl_7.2_mfe_-13.6_idx_6,TTCGTCGCCGGCTTGCTTCGGCGCTCGAGGGCAAGTCGTAGGGTAGCGAG,7.047830581665039,-20.1
_mrl_7.2_mfe_-13.6_idx_7,CGCGACGCGAGAGTGCGGCCAGGCTGGTAGGATTCGTAGAACCGTCAGTA,7.204840183258057,-12.0
_mrl_7.2_mfe_-13.6_idx_8,GTGCTCGCACGCTAGCCCGGAATCTACAGGGCTATACGGAGAACAGTTGA,7.228188991546631,-13.0
_mrl_7.2_mfe_-13.6_idx_9,GTAGACGATACGTCGCCTACGCGCTGAGCGGACATACAACCGGTTCCTCA,7.492953300476074,-11.8
_mrl_7.2_mfe_-13.6_idx_10,CCGGTAGATCCATCGCCGTACTACTCGTGGGCCCGCTGCGGGTTAGCAGT,6.503830909729004,-13.4
_mrl_7.2_mfe_-13.6_idx_11,CTCTTCGGCGGCGTGCGGCTCACCTCCTAGGCTAGAAGTCTTACTCGTTA,7.113173961639404,-9.6
_mrl_7.2_mfe_-13.6_idx_12,TTTGTCGCGATACGGCGCGGGCTCTCGACGGGTCGATTAGGGTTAGCGGA,7.372633934020996,-11.6
_mrl_7.2_mfe_-13.6_idx_13,AATTGCGCGGCTTCGCTGAACGGCTCGCAGGCCAACGCATATAAAGTGTC,7.201322078704834,-12.8
_mrl_7.2_mfe_-13.6_idx_14,ACGAACGCCCGCCTGCGTAGGGACTCCAGGGCGAAAGGCATATGAGCGTC,7.111480712890625,-12.3
_mrl_7.2_mfe_-13.6_idx_15,CCGCTAGGTCGAGGGCCATGTCACTGGGTGGCCAACCTCAGTTCAGCCTA,7.0453901290893555,-14.4
_mrl_7.2_mfe_-13.6_idx_16,GGAGACGGCGGGAAGCCAGCCCTCTGCGTGGGCGGTTTGCTATAAGTGAA,6.977205753326416,-16.0
_mrl_7.2_mfe_-13.6_idx_17,TTTGTCGTCCCTGCGCAAGGTCACTGCAAGGCGCTCGTAGAAATTCCCGG,7.341960430145264,-7.3
_mrl_7.2_mfe_-13.6_idx_18,CCGGGCGGGTATCAGCCGGTCTGCTAGAAGGCCCAGGACGAGTATCCAAT,6.8193254470825195,-15.0
_mrl_7.2_mfe_-13.6_idx_19,CCGGGCGAACTCCTGCGGAAGCTCTAGCTGGCCCAGACGTGTGTAGCACC,7.220731258392334,-13.8
_mrl_7.2_mfe_-13.6_idx_20,CCGGGCGATCAAGGGCGTACAAGCTCTTCGGGGATCGGTTTACTAGTGTC,7.425882339477539,-13.1
_mrl_7.2_mfe_-13.6_idx_21,GTACCCGCGGCCCGGCTGAGCTGCTTAGAGGACTGTCGCTTTGAAGCGTA,7.357059478759766,-12.1
_mrl_7.2_mfe_-13.6_idx_22,GAGCAAGACGCGCCGCAACTGAGCTCTAGGGCCCTTGTTAAAGCAGCCTG,7.080441474914551,-12.1
_mrl_7.2_mfe_-13.6_idx_23,GACGCCGCTAGTTCGCCGTGCACCTCCTAGGCGATACGTCGTTCTCCGCG,6.852105140686035,-11.8
_mrl_7.2_mfe_-13.6_idx_24,CGGTTCGACTGTGAGCGCGCGCGCTAATCGGGTTACCTGGGTAATCGGCA,7.296411037445068,-10.0
_mrl_7.2_mfe_-13.6_idx_25,ATCCAAGAGGATAAGCGGGTGGCCTATCGGGGTCGGAGGAGTTCAGCTCT,7.265079021453857,-12.0
_mrl_7.2_mfe_-13.6_idx_26,AAGACAGGTCCTGAGCCTAACGCCTCCAGGGAACAGGTCAGCGTAGCAGC,7.061487674713135,-10.2
_mrl_7.2_mfe_-13.6_idx_27,CGTTCCGGTTACGGGCCAAAGCTCTGTCCGGCGAAGCGTGTACCTCCCAT,7.1086578369140625,-12.1
_mrl_7.2_mfe_-13.6_idx_28,CCCTACGAGTCTGTGCTGCAACGCTCCTGGGTCTTGCAGCCGCTAGCGTT,7.504412651062012,-14.6
_mrl_7.2_mfe_-13.6_idx_29,CGCGGCGCCTTAGTGCCGAAGTTTTACTCGGTCCGGTTTCGGATAGCTAG,7.455132484436035,-15.7
_mrl_7.2_mfe_-13.6_idx_30,CCTGCCGATCCATGGCCGCAGAGCTAGAAGGGGTCAACATCGCTTCCTAT,6.993058204650879,-10.4
_mrl_7.2_mfe_-13.6_idx_31,CCGGTCGCTCCTAGGCCGGCTGCCTGACGGGAGAATTACCGTTCTCAGTT,7.044500350952148,-17.9
_mrl_7.2_mfe_-13.6_idx_32,CCGGGCGCGAAATAGCCCTGGCGCTTCTTGGGATGGGTAAGCCAAGCAAG,6.834193706512451,-16.2
_mrl_7.2_mfe_-13.6_idx_33,CAGGACGAACCCTTGCCAAGGCGCTCCTGGGCAATTAGGCAGTCAGCGTC,7.222447872161865,-13.6
_mrl_7.2_mfe_-13.6_idx_34,AGGCTAGACGTGAAGCGAGGAACCTCTTCGGCGGGCGAGCAGGATCCGAA,7.305489540100098,-13.4
_mrl_7.2_mfe_-13.6_idx_35,TCGCTCGCCGTGTGGCGGGTTGACTCACGGGGGTCAATCAGAAAAGCACA,7.018937110900879,-18.4
_mrl_7.2_mfe_-13.6_idx_36,CCGGAAGAAGGACAGCCAGTGGCCTAACAGGCTAAGTTGGAGGGTCCTTC,7.193271636962891,-19.6
_mrl_7.2_mfe_-13.6_idx_37,CCCAGAGAGGGCCGGCACTAGAACTCGCGGGCGTAATACGTTGAAGCCAA,7.256264686584473,-8.7
_mrl_7.2_mfe_-13.6_idx_38,GAGCTCGTAGTGACGCGTCAAGCCTCCGGGGAATGGTATCAACAAGCCCG,6.879158020019531,-9.2
_mrl_7.2_mfe_-13.6_idx_39,CGGTTAGATTCAGTGCGCGGCTGCTCTCGGGGTCAAAGAGCGCCTCATTA,7.049337863922119,-11.4
_mrl_7.2_mfe_-13.6_idx_40,CCGGGCGGCTGTCCGCCTAGCCTCTCGTAGGGGAGGATTCTGCAAGCTAA,6.96298360824585,-19.2
_mrl_7.2_mfe_-13.6_idx_41,CCGCTCGGCCGCAAGCATTGTTGCTCGTAGGCACGGATTTTAGAAGCCCG,7.000091552734375,-12.7
_mrl_7.2_mfe_-13.6_idx_42,CCGTGAGAGAGCCTGCCCCTGCTCTCCGCGGCAGTTCTGAGTCGAGCTCG,7.076460838317871,-20.9
_mrl_7.2_mfe_-13.6_idx_43,CCGAGCGCCACGGGGCCGAGTCTCTCGCAGGCAAGTCTCACTATAGCATG,7.095241069793701,-8.9
_mrl_7.2_mfe_-13.6_idx_44,CCCCGCGCGCATTTGCCTAGCAGCTCACCGGCCGCAGGCTAATCTCCCTT,7.237271785736084,-11.2
_mrl_7.2_mfe_-13.6_idx_45,GACCCCGCCCCGACGCGTTGGAGCTCATAGGGCGTTCTAGGACAAGCAGA,6.965381145477295,-12.1
_mrl_7.2_mfe_-13.6_idx_46,TCAGCCGGGTAGGGGCCCAGGAGCTAGGGGGATCACAACTTGGGAGCTAA,7.094289302825928,-12.3
_mrl_7.2_mfe_-13.6_idx_47,CCGGGCGCATCTAGGCGCAGTGGCTCCTAGGATATTCTCGGCAGAGTGAA,7.228225231170654,-15.5
_mrl_7.2_mfe_-13.6_idx_48,CTCTGCGGGATTGAGCATCACACCTCGGGGGCAAGGGAACGGACAGCGGG,7.238180160522461,-8.7
_mrl_7.2_mfe_-13.6_idx_49,CCCGGCGCCGCGGTGCTAAAGAACTCTTCGGGAACTAGGCCTATAGCTCA,7.339664459228516,-9.8
_mrl_7.2_mfe_-13.6_idx_50,CCACGAGACGTTCGGCGCTCGGTCTAGTGGGATTTCAGCGTAGGAGCCTT,7.273209571838379,-12.8
_mrl_7.2_mfe_-13.6_idx_51,CGGAGCGCATCCCAGCCTCTATCCTACAGGGCAGCCGCAAGCGCTCCGTT,7.198966026306152,-18.5
_mrl_7.2_mfe_-13.6_idx_52,AGCGACGAAGAACGGCCGGAACGCTGTAGGGACCGCTGGATACGTCCAAT,7.082296371459961,-11.8
_mrl_7.2_mfe_-13.6_idx_53,CGGCTAGAGAGACTGCAGCCGAGCTCATCGGCGTGGCCATAACCAGCGTT,7.215610504150391,-12.8
_mrl_7.2_mfe_-13.6_idx_54,CCGGCCGCATCCGCGCCGACTAGCTCGACGGATTCGGACTGTCGAGCGAT,7.287417888641357,-23.4
_mrl_7.2_mfe_-13.6_idx_55,TAATTAGGATGTGGGCCCTGTCTCTAGGCGGCGTTCGGAGCTCATCTGCA,7.262403964996338,-11.5
_mrl_7.2_mfe_-13.6_idx_56,AGAGCCGCAGGATAGCCAGCGATCTGGTGGGCTCTGACCCAGGATCCACC,7.143095970153809,-17.5
_mrl_7.2_mfe_-13.6_idx_57,AAGGCAGGTTCAAAGCGAATCCGCTGCCGGGAGCAATGGCGGCGAGCTTT,7.279410362243652,-18.3
_mrl_7.2_mfe_-13.6_idx_58,GGGCTCGAGGCAGTGCGGCTTAGCTGCACGGGGTAGTGATCGAAAGCGGA,7.183132171630859,-13.5
_mrl_7.2_mfe_-13.6_idx_59,CCGTTCGCACTTGCGCCTAGGTCCTCGACGGGGGAAAAGAGTCGTCGGGG,7.129985809326172,-16.4
_mrl_7.2_mfe_-13.6_idx_60,GTGTTCGCCCACCGGCATCAAGGCTCCCGGGGCTTGACAATCCGAGCATC,7.02959680557251,-13.8
_mrl_7.2_mfe_-13.6_idx_61,AGAACCGCCTCGCTGCGACACGGCTCCTGGGATCTTTTGGCGTAAGCGTG,7.239384651184082,-8.7
_mrl_7.2_mfe_-13.6_idx_62,CCGGGAGGGAAACTGCTATTCGGCTACGTGGCCGTAGAGGTAATAGTACG,7.4715070724487305,-12.7
_mrl_7.2_mfe_-13.6_idx_63,TCCGGAGAAGCCGAGCGAGTCGGCTCGTGGGCGGATCAAGAAAGAGCTCA,7.358930587768555,-13.9
_mrl_7.2_mfe_-13.6_idx_64,CCTGACGCAGCTCCGCCACGAACCTGGGGGGTGTAATGTTGAGGTCATCG,7.388786315917969,-13.7
_mrl_7.2_mfe_-13.6_idx_65,TTGTGCGGAGTCAGGCCCTGGGTCTCGTAGGCCGTCTTCTCCTGTCTGCT,7.198383331298828,-15.3
_mrl_7.2_mfe_-13.6_idx_66,TTATCCGCAACCGGGCCGCGAGGCTCGAGGGACCGTGCTGAATAAGCGGA,7.10714864730835,-16.6
_mrl_7.2_mfe_-13.6_idx_67,CGGAGCGCTAGCTCGCCGAGAGACTCGAGGGCTCGCGTATTGAATCGTTG,7.0496063232421875,-17.7
_mrl_7.2_mfe_-13.6_idx_68,GGAAGCGCCAGCTTGCCGGCTCACTCAAGGGGTGACAGGGTATGAGCACT,7.424190521240234,-14.1
_mrl_7.2_mfe_-13.6_idx_69,CCGCCAGGTTCATTGCAGGTGACCTAGGCGGCGCTAGACTGTGCTCCCAA,7.167689323425293,-18.2
_mrl_7.2_mfe_-13.6_idx_70,CCGGGAGGAGTCCGGCCAGATCCCTCCAAGGCGCGCCATACTTGAGCACC,7.149152755737305,-14.6
_mrl_7.2_mfe_-13.6_idx_71,ACCGTCGCGTCCTGGCAGAGGGGCTAGAAGGCCAAGACCTGGAAAGCGGG,7.0565080642700195,-15.4
_mrl_7.2_mfe_-13.6_idx_72,CCCAACGGCCTTTGGCGAAGCCGCTCGTCGGATTGCGGTGTCCAAGCCTG,6.904002666473389,-15.7
_mrl_7.2_mfe_-13.6_idx_73,CCGCCCGTCGCAGCGCCTGCTAACTCGCAGGCGTACTCTCGACATCCATG,6.959845066070557,-19.1
_mrl_7.2_mfe_-13.6_idx_74,TTGGGCGCACTGACGCCAACCGCTTGTCCGGATTTTTTTGGCTCTCCAGC,7.318396091461182,-9.6
_mrl_7.2_mfe_-13.6_idx_75,TCGCACGTGCTTTCGCCGTCCTGCTCAGCGGGAAGCTTTTCCGGTCGTTA,7.105525016784668,-11.1
_mrl_7.2_mfe_-13.6_idx_76,AGGTCAGAGGGCGAGCCTTCAGGCTAACCGGGAAAGGTTCGATGTCCGAT,7.174494743347168,-15.3
_mrl_7.2_mfe_-13.6_idx_77,CCGGGCGGGAGAAAGCTAGCGGGCTGAGTGGCGCGTTGGATAAATCCAGT,7.338696479797363,-17.2
_mrl_7.2_mfe_-13.6_idx_78,CCGGACGCGATTTTGCGCTGCGCCTGCCGGGCACGCTGGTTACCTCGAGA,6.861572742462158,-11.8
_mrl_7.2_mfe_-13.6_idx_79,GGGAGCGCACTCGGGCCTAGCGATTGATCGGGTCTCCCCCTTCAAGCCAT,6.834295749664307,-12.6
_mrl_7.2_mfe_-13.6_idx_80,GGCAGAGGACACTCGCAGACGAGCTCGCCGGCTGGGAAGTGCAAAGCTTA,7.096123695373535,-13.6
_mrl_7.2_mfe_-13.6_idx_81,CCGCACGTCGCACGGCCCGTATCCTCGGCGGCGTTTTTTGTATTAGCTCT,7.225778579711914,-11.7
_mrl_7.2_mfe_-13.6_idx_82,ATCGTCGAGTCTGAGCGTCGAGGCTCGGGGGCTGGGACGATCTGTCACTC,7.2310991287231445,-18.0
_mrl_7.2_mfe_-13.6_idx_83,ACTACCGCTCGTGTGCGCTGGCCCTCTTGGGAATTGGCTACAGCTCTAGT,7.375769138336182,-14.3
_mrl_7.2_mfe_-13.6_idx_84,CCGTGCGGCCAATCGCATGAGCACTCGTGGGGCAAAGATAGGCGTCGAAT,6.156253337860107,-12.2
_mrl_7.2_mfe_-13.6_idx_85,CTCATCGCGCCTCGGCCGACTTACTAACAGGCCGAGTGGGATTGAGTTTC,7.20314884185791,-21.7
_mrl_7.2_mfe_-13.6_idx_86,CGCGACGACCGGCAGCAACCCACCTCATTGGCTGAAGCAGGCCTTCCAGT,7.090639591217041,-7.5
_mrl_7.2_mfe_-13.6_idx_87,GTAAGCGCCAAACCGCCACGAGGCTAGTAGGCCTGGCTAGGGAGAGCGCG,6.90275764465332,-18.6
_mrl_7.2_mfe_-13.6_idx_88,CCGGGAGAACGCGAGCACGCCCACTCACTGGCGACTTCACGAAAAGCAAG,7.1743059158325195,-10.5
_mrl_7.2_mfe_-13.6_idx_89,AAAAACGGGGTGGAGCCCGACAACTCCAGGGGCGCAATACCCTTTCCTAA,6.773038864135742,-15.9
_mrl_7.2_mfe_-13.6_idx_90,CCGCGCGCAAAAGGGCGCATCCTCTAGCGGGATTGAAGGAAAGGAGCACG,7.383950233459473,-12.2
_mrl_7.2_mfe_-13.6_idx_91,GGGACCGCTTCATCGCAGACAAGCTCGGTGGGGGTAACGGCAGTTCACCT,7.129654407501221,-12.2
_mrl_7.2_mfe_-13.6_idx_92,GCGGCAGAGAGTCCGCCATCAAGCTCCCAGGGTCGGCATAACGAAGCAAA,6.941629409790039,-8.6
_mrl_7.2_mfe_-13.6_idx_93,TATTCCGATCCCACGCCGTTGGATTAGTGGGGCGCCAATACCGCAGCGCA,7.454180717468262,-13.1
_mrl_7.2_mfe_-13.6_idx_94,ACCGCCGAACTTGAGCAGGCAAACTGATCGGCGACGAGTGGACCTCCGCG,7.264946460723877,-14.9
_mrl_7.2_mfe_-13.6_idx_95,ATTTGCGCTCCGCCGCCAGTGGTCTCAGCGGCAAGGGTTAAGGTAGCGAA,7.024133205413818,-14.1
_mrl_7.2_mfe_-13.6_idx_96,AGCGGCGGGGTAAAGCGGTCGCGCTGAAGGGGGACACTCGTTGTAGCTAA,7.1884965896606445,-17.0
_mrl_7.2_mfe_-13.6_idx_97,CCGAGCGCGTCATTGCCCGTCCCCTCTGAGGCAAGCGGTAGGAATCCAAT,6.8863067626953125,-11.2
_mrl_7.2_mfe_-13.6_idx_98,CCGCCAGAGGCACGGCAAAAAGGCTGCTGGGATAGAGTGCCAGTTCAGCA,7.133649826049805,-14.8
_mrl_7.2_mfe_-13.6_idx_99,CCTGCCGCAACTGAGCCCGGGTACTGTCTGGACCGTTAGTCGCCTCTAAG,7.17977237701416,-9.7
